"Notes","State","State Code","Year of Death","Year of Death Code",Deaths,Births,Death Rate
,"Alabama","01","1995","1995",590,60329,9.78
,"Alabama","01","1996","1996",629,60488,10.40
,"Alabama","01","1997","1997",576,60914,9.46
,"Alabama","01","1998","1998",627,62074,10.10
"Total","Alabama","01",,,2422,243805,9.93
,"Alaska","02","1995","1995",77,10244,7.52
,"Alaska","02","1996","1996",72,10037,7.17
,"Alaska","02","1997","1997",76,9947,7.64
,"Alaska","02","1998","1998",59,9926,5.94
"Total","Alaska","02",,,284,40154,7.07
,"Arizona","04","1995","1995",552,72463,7.62
,"Arizona","04","1996","1996",577,75322,7.66
,"Arizona","04","1997","1997",534,75699,7.05
,"Arizona","04","1998","1998",588,78243,7.52
"Total","Arizona","04",,,2252,301727,7.46
,"Arkansas","05","1995","1995",304,35175,8.64
,"Arkansas","05","1996","1996",348,36371,9.57
,"Arkansas","05","1997","1997",314,36478,8.61
,"Arkansas","05","1998","1998",329,36865,8.92
"Total","Arkansas","05",,,1295,144889,8.94
,"California","06","1995","1995",3479,552045,6.30
,"California","06","1996","1996",3190,539433,5.91
,"California","06","1997","1997",3102,524840,5.91
,"California","06","1998","1998",2994,521661,5.74
"Total","California","06",,,12765,2137979,5.97
,"Colorado","08","1995","1995",348,54332,6.41
,"Colorado","08","1996","1996",372,55807,6.67
,"Colorado","08","1997","1997",398,56533,7.04
,"Colorado","08","1998","1998",402,59577,6.75
"Total","Colorado","08",,,1520,226249,6.72
,"Connecticut","09","1995","1995",316,44334,7.13
,"Connecticut","09","1996","1996",284,44469,6.39
,"Connecticut","09","1997","1997",308,43109,7.14
,"Connecticut","09","1998","1998",306,43820,6.98
"Total","Connecticut","09",,,1215,175732,6.91
,"Delaware","10","1995","1995",76,10266,7.40
,"Delaware","10","1996","1996",78,10155,7.68
,"Delaware","10","1997","1997",81,10253,7.90
,"Delaware","10","1998","1998",100,10578,9.45
"Total","Delaware","10",,,335,41252,8.12
,"District of Columbia","11","1995","1995",143,9014,15.86
,"District of Columbia","11","1996","1996",126,8390,15.02
,"District of Columbia","11","1997","1997",109,7927,13.75
,"District of Columbia","11","1998","1998",96,7686,12.49
"Total","District of Columbia","11",,,475,33017,14.39
,"Florida","12","1995","1995",1423,188723,7.54
,"Florida","12","1996","1996",1419,189392,7.49
,"Florida","12","1997","1997",1368,192383,7.11
,"Florida","12","1998","1998",1423,195637,7.27
"Total","Florida","12",,,5634,766135,7.35
,"Georgia","13","1995","1995",1072,112282,9.55
,"Georgia","13","1996","1996",1059,114043,9.29
,"Georgia","13","1997","1997",1009,118221,8.53
,"Georgia","13","1998","1998",1027,122368,8.39
"Total","Georgia","13",,,4168,466914,8.93
,"Hawaii","15","1995","1995",105,18595,5.65
,"Hawaii","15","1996","1996",108,18401,5.87
,"Hawaii","15","1997","1997",116,17393,6.67
,"Hawaii","15","1998","1998",121,17583,6.88
"Total","Hawaii","15",,,450,71972,6.25
,"Idaho","16","1995","1995",111,18035,6.15
,"Idaho","16","1996","1996",134,18625,7.19
,"Idaho","16","1997","1997",122,18582,6.57
,"Idaho","16","1998","1998",139,19391,7.17
"Total","Idaho","16",,,506,74633,6.78
,"Illinois","17","1995","1995",1740,185812,9.36
,"Illinois","17","1996","1996",1581,183180,8.63
,"Illinois","17","1997","1997",1523,180803,8.42
,"Illinois","17","1998","1998",1538,182588,8.42
"Total","Illinois","17",,,6382,732383,8.71
,"Indiana","18","1995","1995",695,82835,8.39
,"Indiana","18","1996","1996",726,83513,8.69
,"Indiana","18","1997","1997",676,83436,8.10
,"Indiana","18","1998","1998",643,85122,7.55
"Total","Indiana","18",,,2741,334906,8.18
,"Iowa","19","1995","1995",304,36810,8.26
,"Iowa","19","1996","1996",260,37139,7.00
,"Iowa","19","1997","1997",224,36659,6.11
,"Iowa","19","1998","1998",242,37282,6.49
"Total","Iowa","19",,,1030,147890,6.96
,"Kansas","20","1995","1995",256,37201,6.88
,"Kansas","20","1996","1996",301,36651,8.21
,"Kansas","20","1997","1997",277,37289,7.43
,"Kansas","20","1998","1998",271,38422,7.05
"Total","Kansas","20",,,1105,149563,7.39
,"Kentucky","21","1995","1995",395,52377,7.54
,"Kentucky","21","1996","1996",389,52706,7.38
,"Kentucky","21","1997","1997",378,53203,7.10
,"Kentucky","21","1998","1998",410,54329,7.55
"Total","Kentucky","21",,,1571,212615,7.39
,"Louisiana","22","1995","1995",647,65641,9.86
,"Louisiana","22","1996","1996",586,65204,8.99
,"Louisiana","22","1997","1997",624,66025,9.45
,"Louisiana","22","1998","1998",609,66888,9.10
"Total","Louisiana","22",,,2467,263758,9.35
,"Maine","23","1995","1995",89,13896,6.40
,"Maine","23","1996","1996",60,13774,4.36
,"Maine","23","1997","1997",68,13669,4.97
,"Maine","23","1998","1998",90,13733,6.55
"Total","Maine","23",,,307,55072,5.57
,"Maryland","24","1995","1995",642,72396,8.87
,"Maryland","24","1996","1996",602,71533,8.42
,"Maryland","24","1997","1997",614,70215,8.74
,"Maryland","24","1998","1998",616,71972,8.56
"Total","Maryland","24",,,2473,286116,8.64
,"Massachusetts","25","1995","1995",423,81648,5.18
,"Massachusetts","25","1996","1996",403,80276,5.02
,"Massachusetts","25","1997","1997",417,80364,5.19
,"Massachusetts","25","1998","1998",423,81411,5.20
"Total","Massachusetts","25",,,1666,323699,5.15
,"Michigan","26","1995","1995",1111,134642,8.25
,"Michigan","26","1996","1996",1083,133387,8.12
,"Michigan","26","1997","1997",1094,133714,8.18
,"Michigan","26","1998","1998",1097,133666,8.21
"Total","Michigan","26",,,4386,535409,8.19
,"Minnesota","27","1995","1995",429,63263,6.78
,"Minnesota","27","1996","1996",371,63700,5.82
,"Minnesota","27","1997","1997",384,64499,5.95
,"Minnesota","27","1998","1998",385,65202,5.90
"Total","Minnesota","27",,,1569,256664,6.11
,"Mississippi","28","1995","1995",429,41344,10.38
,"Mississippi","28","1996","1996",448,40987,10.93
,"Mississippi","28","1997","1997",439,41533,10.57
,"Mississippi","28","1998","1998",434,42939,10.11
"Total","Mississippi","28",,,1751,166803,10.50
,"Missouri","29","1995","1995",538,73028,7.37
,"Missouri","29","1996","1996",560,73832,7.58
,"Missouri","29","1997","1997",558,74037,7.54
,"Missouri","29","1998","1998",580,75358,7.70
"Total","Missouri","29",,,2236,296255,7.55
,"Montana","30","1995","1995",79,11142,7.09
,"Montana","30","1996","1996",74,10856,6.82
,"Montana","30","1997","1997",74,10849,6.82
,"Montana","30","1998","1998",83,10795,7.69
"Total","Montana","30",,,310,43642,7.10
,"Nebraska","31","1995","1995",173,23243,7.44
,"Nebraska","31","1996","1996",202,23286,8.67
,"Nebraska","31","1997","1997",176,23319,7.55
,"Nebraska","31","1998","1998",172,23534,7.31
"Total","Nebraska","31",,,723,93382,7.74
,"Nevada","32","1995","1995",144,25056,5.75
,"Nevada","32","1996","1996",160,26125,6.12
,"Nevada","32","1997","1997",177,26911,6.58
,"Nevada","32","1998","1998",205,28699,7.14
"Total","Nevada","32",,,686,106791,6.42
,"New Hampshire","33","1995","1995",78,14665,5.32
,"New Hampshire","33","1996","1996",70,14520,4.82
,"New Hampshire","33","1997","1997",61,14313,4.26
,"New Hampshire","33","1998","1998",63,14429,4.37
"Total","New Hampshire","33",,,273,57927,4.71
,"New Jersey","34","1995","1995",753,114828,6.56
,"New Jersey","34","1996","1996",781,114306,6.83
,"New Jersey","34","1997","1997",717,113279,6.33
,"New Jersey","34","1998","1998",731,114550,6.38
"Total","New Jersey","34",,,2984,456963,6.53
,"New Mexico","35","1995","1995",167,26920,6.20
,"New Mexico","35","1996","1996",175,27228,6.43
,"New Mexico","35","1997","1997",165,26871,6.14
,"New Mexico","35","1998","1998",197,27318,7.21
"Total","New Mexico","35",,,704,108337,6.50
,"New York","36","1995","1995",2084,271369,7.68
,"New York","36","1996","1996",1837,263963,6.96
,"New York","36","1997","1997",1721,257238,6.69
,"New York","36","1998","1998",1612,258207,6.24
"Total","New York","36",,,7254,1050777,6.90
,"North Carolina","37","1995","1995",935,101592,9.20
,"North Carolina","37","1996","1996",951,104470,9.10
,"North Carolina","37","1997","1997",989,107015,9.24
,"North Carolina","37","1998","1998",1036,111688,9.28
"Total","North Carolina","37",,,3912,424765,9.21
,"North Dakota","38","1995","1995",60,8476,7.08
,"North Dakota","38","1996","1996",45,8347,5.39
,"North Dakota","38","1997","1997",53,8353,6.35
,"North Dakota","38","1998","1998",70,7932,8.83
"Total","North Dakota","38",,,228,33108,6.89
,"Ohio","39","1995","1995",1336,154064,8.67
,"Ohio","39","1996","1996",1170,151692,7.71
,"Ohio","39","1997","1997",1185,152033,7.79
,"Ohio","39","1998","1998",1212,152794,7.93
"Total","Ohio","39",,,4902,610583,8.03
,"Oklahoma","40","1995","1995",380,45672,8.32
,"Oklahoma","40","1996","1996",388,46193,8.40
,"Oklahoma","40","1997","1997",364,48269,7.54
,"Oklahoma","40","1998","1998",419,49461,8.47
"Total","Oklahoma","40",,,1550,189595,8.18
,"Oregon","41","1995","1995",262,42811,6.12
,"Oregon","41","1996","1996",237,43658,5.43
,"Oregon","41","1997","1997",251,43809,5.73
,"Oregon","41","1998","1998",244,45273,5.39
"Total","Oregon","41",,,994,175551,5.66
,"Pennsylvania","42","1995","1995",1179,151850,7.76
,"Pennsylvania","42","1996","1996",1160,148338,7.82
,"Pennsylvania","42","1997","1997",1101,144224,7.63
,"Pennsylvania","42","1998","1998",1041,145899,7.14
"Total","Pennsylvania","42",,,4482,590311,7.59
,"Rhode Island","44","1995","1995",91,12776,7.12
,"Rhode Island","44","1996","1996",66,12652,5.22
,"Rhode Island","44","1997","1997",88,12455,7.07
,"Rhode Island","44","1998","1998",91,12599,7.22
"Total","Rhode Island","44",,,335,50482,6.64
,"South Carolina","45","1995","1995",488,50926,9.58
,"South Carolina","45","1996","1996",431,51117,8.43
,"South Carolina","45","1997","1997",502,52214,9.61
,"South Carolina","45","1998","1998",514,53877,9.54
"Total","South Carolina","45",,,1935,208134,9.30
,"South Dakota","46","1995","1995",96,10475,9.16
,"South Dakota","46","1996","1996",60,10473,5.73
,"South Dakota","46","1997","1997",75,10173,7.37
,"South Dakota","46","1998","1998",95,10288,9.23
"Total","South Dakota","46",,,326,41409,7.87
,"Tennessee","47","1995","1995",670,73173,9.16
,"Tennessee","47","1996","1996",627,73754,8.50
,"Tennessee","47","1997","1997",640,74478,8.59
,"Tennessee","47","1998","1998",633,77396,8.18
"Total","Tennessee","47",,,2570,298801,8.60
,"Texas","48","1995","1995",2103,322753,6.52
,"Texas","48","1996","1996",2063,330406,6.24
,"Texas","48","1997","1997",2129,333974,6.37
,"Texas","48","1998","1998",2179,342283,6.37
"Total","Texas","48",,,8473,1329416,6.37
,"Utah","49","1995","1995",214,39577,5.41
,"Utah","49","1996","1996",257,42087,6.11
,"Utah","49","1997","1997",250,43059,5.81
,"Utah","49","1998","1998",257,45165,5.69
"Total","Utah","49",,,978,169888,5.76
,"Vermont","50","1995","1995",38,6783,5.60
,"Vermont","50","1996","1996",47,6767,6.95
,"Vermont","50","1997","1997",41,6607,6.21
,"Vermont","50","1998","1998",45,6582,6.84
"Total","Vermont","50",,,172,26739,6.43
,"Virginia","51","1995","1995",725,92578,7.83
,"Virginia","51","1996","1996",707,92354,7.66
,"Virginia","51","1997","1997",710,91862,7.73
,"Virginia","51","1998","1998",719,94351,7.62
"Total","Virginia","51",,,2860,371145,7.71
,"Washington","53","1995","1995",447,77228,5.79
,"Washington","53","1996","1996",462,77945,5.93
,"Washington","53","1997","1997",434,78190,5.55
,"Washington","53","1998","1998",456,79663,5.72
"Total","Washington","53",,,1800,313026,5.75
,"West Virginia","54","1995","1995",167,21162,7.89
,"West Virginia","54","1996","1996",150,20750,7.23
,"West Virginia","54","1997","1997",199,20730,9.60
,"West Virginia","54","1998","1998",166,20747,8.00
"Total","West Virginia","54",,,682,83389,8.18
,"Wisconsin","55","1995","1995",490,67479,7.26
,"Wisconsin","55","1996","1996",488,67106,7.27
,"Wisconsin","55","1997","1997",436,66557,6.55
,"Wisconsin","55","1998","1998",489,67450,7.25
"Total","Wisconsin","55",,,1903,268592,7.09
,"Wyoming","56","1995","1995",49,6261,7.83
,"Wyoming","56","1996","1996",41,6286,6.52
,"Wyoming","56","1997","1997",38,6387,5.95
,"Wyoming","56","1998","1998",46,6252,7.36
"Total","Wyoming","56",,,174,25186,6.91
"Total",,,,,114217,15613530,7.32
"---"
"Dataset: Linked Birth / Infant Death Records, 1995-1998"
"Query Parameters:"
"Group By: State; Year of Death"
"Show Totals: True"
"Show Zero Values: True"
"Show Suppressed: True"
"Calculate Rates Per: 1,000"
"---"
"Help: See http://wonder.cdc.gov/wonder/help/lbd.html for more information."
"---"
"Query Date: Aug 3, 2026 9:01:55 PM"
"---"
"Suggested Citation: Centers for Disease Control and Prevention, National Center for Health Statistics. National Vital Statistics"
"System, Linked Birth / Infant Deaths on CDC WONDER Online Database. Data are from the Linked Birth / Infant Deaths Records"
"1995-1998, as compiled from data provided by the 57 vital statistics jurisdictions through the Vital Statistics Cooperative"
"Program. Accessed at http://wonder.cdc.gov/lbd-icd9.html on Aug 3, 2026 9:01:55 PM"
"---"
Caveats:
"1. Infant deaths are weighted so numbers may not exactly add to totals due to rounding. More information:"
"http://wonder.cdc.gov/wonder/help/lbd.html#WeightFactors-Totals."
"2. Note that there may be slight differences in the number of infant deaths when comparing the Linked Birth / Death Records to"
"the other vital statistics. More information: http://wonder.cdc.gov/wonder/help/lbd.html#Weight Factors."